Date,Time,Headline,URL,Location,Attack,Events
2025-04-25,08:39:00,Entire family killed in Israeli airstrike on tent shelt,https://english.wafa.ps/Pages/Details/156802,,airstrike,"Killings, Displacement"
2025-04-25,08:43:00,Thousands of Israeli colonists storm the town of Kifl H,https://english.wafa.ps/Pages/Details/156803,West Bank,raid,Not Coded
2025-04-25,13:38:00,President Abbas praises President El-Sisi's  ...,https://english.wafa.ps/Pages/Details/156809,,Not Coded,Palestine Authority
2025-04-25,10:08:00,UNRWA: Half a million newly displaced in Gaza over the,https://english.wafa.ps/Pages/Details/156804,Gaza,Not Coded,"Displacement, United Nations"
2025-04-25,10:24:00,Israeli forces raid Nablus early Friday morning,https://english.wafa.ps/Pages/Details/156805,West Bank,raid,Not Coded
2025-04-25,13:49:00,Two Palestinians killed in Israeli air and artillery st,https://english.wafa.ps/Pages/Details/156810,,airstrike,Killings
2025-04-25,12:03:00,"One Palestinian killed, several injured in ongoing Isra",https://english.wafa.ps/Pages/Details/156808,,Not Coded,"Killings, Injury"
2025-04-25,14:51:00,PLO Human Rights department calls for intern ...,https://english.wafa.ps/Pages/Details/156811,,Not Coded,Legal
2025-04-25,13:49:00,Two Palestinians killed in Israeli air and a ...,https://english.wafa.ps/Pages/Details/156810,,airstrike,Killings
2025-04-25,11:22:00,"Israeli colonists uproot olive saplings, damage propert",https://english.wafa.ps/Pages/Details/156807,West Bank,settler,Infrastructure
2025-04-25,12:03:00,"One Palestinian killed, several injured in o ...",https://english.wafa.ps/Pages/Details/156808,,Not Coded,"Killings, Injury"
2025-04-25,11:22:00,"Israeli colonists uproot olive saplings, dam ...",https://english.wafa.ps/Pages/Details/156807,West Bank,settler,Not Coded
2025-04-25,08:43:00,Thousands of Israeli colonists storm the tow ...,https://english.wafa.ps/Pages/Details/156803,West Bank,raid,Not Coded
2025-04-25,10:08:00,UNRWA: Half a million newly displaced in Gaz ...,https://english.wafa.ps/Pages/Details/156804,,Not Coded,"Displacement, United Nations"
2025-04-25,11:14:00,El-Sisi: Egypt stands as a barrier against e ...,https://english.wafa.ps/Pages/Details/156806,,restriction,Not Coded
2025-04-25,10:24:00,Israeli forces raid Nablus early Friday morn ...,https://english.wafa.ps/Pages/Details/156805,West Bank,raid,Not Coded
2025-04-25,08:39:00,Entire family killed in Israeli airstrike on ...,https://english.wafa.ps/Pages/Details/156802,,airstrike,Killings
2025-04-24,11:44:00,Israeli forces release 12 Palestinian detain ...,https://english.wafa.ps/Pages/Details/156776,,arrest,Not Coded
2025-04-24,21:18:00,Four Palestinians injured during Israeli mil ...,https://english.wafa.ps/Pages/Details/156800,,Not Coded,Injury
2025-04-24,19:56:00,Israeli forces uproot some 200 olive trees n ...,https://english.wafa.ps/Pages/Details/156797,,Not Coded,Not Coded
2025-04-24,14:41:00,Four Palestinians injured by Israeli forces following military incursion on Nablus-area re ...,https://english.wafa.ps/Pages/Details/156789,West Bank,raid,Injury
2025-04-24,14:36:00,Israeli ongoing strikes put Gaza’s Mohammed al-Durrah Children's Hospital  out of service,https://english.wafa.ps/Pages/Details/156788,Gaza,Not Coded,"Children, Medical Infrastructure"
2025-04-24,14:26:00,"""Two Lives, One Tragedy: Gaza 4-year-old twins killed amid ongoing strikes",https://english.wafa.ps/Pages/Details/156787,Gaza,Not Coded,Killings
2025-04-24,12:47:00,Israeli forces seize truck in the Jordan Valley,https://english.wafa.ps/Pages/Details/156786,,Not Coded,Not Coded
2025-04-24,19:41:00,Israeli forces attack civilians’ houses near ...,https://english.wafa.ps/Pages/Details/156796,,Not Coded,Not Coded
2025-04-24,20:08:00,"Two killed, others injured in Israeli strike ...",https://english.wafa.ps/Pages/Details/156798,,Not Coded,"Killings, Injury, Demonstration"
2025-04-24,20:50:00,Palestinian Central Council overwhelmingly d ...,https://english.wafa.ps/Pages/Details/156799,,Not Coded,Not Coded
2025-04-24,16:08:00,10 Palestinians killed in Israeli airstrikes on Gaza City,https://english.wafa.ps/Pages/Details/156791,Gaza,airstrike,Killings
2025-04-24,18:50:00,Jordan’s FM affirms blocking aid into Gaza r ...,https://english.wafa.ps/Pages/Details/156794,Gaza,Not Coded,Not Coded
2025-04-24,14:41:00,Four Palestinians injured by Israeli forces following m,https://english.wafa.ps/Pages/Details/156789,,Not Coded,Injury
2025-04-24,12:39:00,Three Palestinian citizens killed in  Israel ...,https://english.wafa.ps/Pages/Details/156777,,Not Coded,Killings
2025-04-24,12:46:00,"Death toll in Gaza rises to 51,355 as Israel ...",https://english.wafa.ps/Pages/Details/156783,Gaza,Not Coded,Killings
2025-04-24,12:46:00,"Four, including child, injured in Israeli gu ...",https://english.wafa.ps/Pages/Details/156784,,Not Coded,"Injury, Children"
2025-04-24,12:46:00,Tulkarm: 88 days since Israel's aggression b ...,https://english.wafa.ps/Pages/Details/156785,West Bank,Not Coded,Not Coded
2025-04-24,12:47:00,Israeli forces seize truck in the Jordan Val ...,https://english.wafa.ps/Pages/Details/156786,,Not Coded,Not Coded
2025-04-24,14:36:00,Israeli ongoing strikes put Gaza’s Mohammed  ...,https://english.wafa.ps/Pages/Details/156788,Gaza,Not Coded,Not Coded
2025-04-24,14:26:00,"""Two Lives, One Tragedy: Gaza 4-year-old twi ...",https://english.wafa.ps/Pages/Details/156787,Gaza,Not Coded,Not Coded
2025-04-24,19:10:00,Spain scraps a €6.8 million deal on ammuniti ...,https://english.wafa.ps/Pages/Details/156795,,Not Coded,Not Coded
2025-04-24,08:40:00,"Weather: Partially cloudy conditions, drop in temperature",https://english.wafa.ps/Pages/Details/156760,,Not Coded,Not Coded
2025-04-24,11:37:00,Israeli colonists attack Palestinian propert ...,https://english.wafa.ps/Pages/Details/156774,West Bank,settler,Not Coded
2025-04-24,12:46:00,"Death toll in Gaza rises to 51,355 as Israel continues its aggression",https://english.wafa.ps/Pages/Details/156783,Gaza,Not Coded,Killings
2025-04-24,15:40:00,Undercover Israeli forces shoot and abduct P ...,https://english.wafa.ps/Pages/Details/156790,,shooting,Not Coded
2025-04-24,18:27:00,Israeli airstrike on civilians’ shelter in J ...,https://english.wafa.ps/Pages/Details/156793,,airstrike,Displacement
2025-04-24,18:16:00,Israeli colonists block dirt road in norther ...,https://english.wafa.ps/Pages/Details/156792,West Bank,settler,Not Coded
2025-04-24,08:55:00,Israeli forces,https://english.wafa.ps/Pages/Details/156772,,Not Coded,Not Coded
2025-04-24,16:08:00,10 Palestinians killed in Israeli airstrikes ...,https://english.wafa.ps/Pages/Details/156791,,airstrike,Killings
2025-04-24,21:53:00,ICC Appeals Chamber rejects bid to cancel ar ...,https://english.wafa.ps/Pages/Details/156801,,Not Coded,Legal
2025-04-24,12:46:00,Tulkarm: 88 days since Israel's aggression began on the city and refugee camps,https://english.wafa.ps/Pages/Details/156785,West Bank,Not Coded,Displacement
2025-04-24,12:46:00,"Four, including child, injured in Israeli gunfire during raid in Nablus-area refugee camp",https://english.wafa.ps/Pages/Details/156784,West Bank,shooting,"Injury, Displacement, Children"
2025-04-24,12:39:00,Three Palestinian citizens killed in  Israeli drone  strike targeting al-Zawayda town in c ...,https://english.wafa.ps/Pages/Details/156777,,airstrike,"Killings, Demonstration"
2025-04-24,08:40:00,UN spokesperson says 'food applies in Gaza are dangerously low',https://english.wafa.ps/Pages/Details/156761,Gaza,Not Coded,United Nations
2025-04-24,11:44:00,"Israeli forces release 12 Palestinian detainees, including two women, from Gaza",https://english.wafa.ps/Pages/Details/156776,Gaza,Not Coded,Hostages
2025-04-24,11:41:00,"Gaza Strip entered fifth stage of malnutrition due to lack of food and tight blockade, say ...",https://english.wafa.ps/Pages/Details/156775,Gaza,restriction,Food Security
2025-04-24,11:33:00,At least 14 civilians killed in Israeli airs ...,https://english.wafa.ps/Pages/Details/156773,,Not Coded,Killings
2025-04-24,11:37:00,Israeli colonists attack Palestinian properties northwest of Salfit,https://english.wafa.ps/Pages/Details/156774,West Bank,settler,Not Coded
2025-04-24,11:33:00,At least 14 civilians killed in Israeli airstrikes on different  areas  across Gaza,https://english.wafa.ps/Pages/Details/156773,Gaza,airstrike,Killings
2025-04-24,08:55:00,PCBS issues report on Construction Cost Index in Palestine in March,https://english.wafa.ps/Pages/Details/156772,,Not Coded,"Demonstration, Infrastructure"
2025-04-24,08:49:00,US university students protest extremist Israeli minister's visit,https://english.wafa.ps/Pages/Details/156767,,Not Coded,"Demonstration, Education"
2025-04-24,08:40:00,Gaza: Several Palestinians killed in Israeli bombing of several areas,https://english.wafa.ps/Pages/Details/156762,Gaza,bomb,Killings
2025-04-24,11:41:00,Gaza Strip entered fifth stage of malnutriti ...,https://english.wafa.ps/Pages/Details/156775,Gaza,Not Coded,Not Coded
2025-04-24,15:40:00,Undercover Israeli forces shoot and abduct Palestinian young man near Tulkarm,https://english.wafa.ps/Pages/Details/156790,West Bank,shooting,Not Coded
2025-04-24,21:18:00,Four Palestinians injured during Israeli military raids,https://english.wafa.ps/Pages/Details/156800,,raid,Injury
2025-04-24,20:08:00,"Two killed, others injured in Israeli strike on tent no",https://english.wafa.ps/Pages/Details/156798,,Not Coded,"Killings, Injury, Displacement, Demonstration"
2025-04-24,19:41:00,Israeli forces attack civilians’ houses near Salfit,https://english.wafa.ps/Pages/Details/156796,West Bank,Not Coded,Not Coded
2025-04-24,12:46:00,Tulkarm: 88 days since Israel's aggression began on the,https://english.wafa.ps/Pages/Details/156785,West Bank,Not Coded,Not Coded
2025-04-24,14:26:00,"""Two Lives, One Tragedy: Gaza 4-year-old twins killed a",https://english.wafa.ps/Pages/Details/156787,Gaza,Not Coded,Killings
2025-04-24,14:36:00,Israeli ongoing strikes put Gaza’s Mohammed al-Durrah C,https://english.wafa.ps/Pages/Details/156788,Gaza,Not Coded,Not Coded
2025-04-24,18:16:00,Israeli colonists block dirt road in northern Jordan Va,https://english.wafa.ps/Pages/Details/156792,West Bank,settler,Not Coded
2025-04-24,18:27:00,Israeli airstrike on civilians’ shelter in Jabalia kill,https://english.wafa.ps/Pages/Details/156793,Gaza,airstrike,"Killings, Displacement"
2025-04-24,08:40:00,"Weather: Partially cloudy conditions, drop i ...",https://english.wafa.ps/Pages/Details/156760,,Not Coded,Not Coded
2025-04-24,08:40:00,UN spokesperson says 'food applies in Gaza a ...,https://english.wafa.ps/Pages/Details/156761,Gaza,Not Coded,United Nations
2025-04-24,08:40:00,Gaza: Several Palestinians killed in Israeli ...,https://english.wafa.ps/Pages/Details/156762,Gaza,Not Coded,Killings
2025-04-24,08:49:00,US university students protest extremist Isr ...,https://english.wafa.ps/Pages/Details/156767,,Not Coded,"Demonstration, Education"
2025-04-24,08:55:00,PCBS issues report on Construction Cost Inde ...,https://english.wafa.ps/Pages/Details/156772,,Not Coded,Infrastructure
2025-04-24,14:41:00,Four Palestinians injured by Israeli forces  ...,https://english.wafa.ps/Pages/Details/156789,,Not Coded,Injury
2025-04-24,19:56:00,Israeli forces uproot some 200 olive trees near Salfit,https://english.wafa.ps/Pages/Details/156797,West Bank,Not Coded,Not Coded
2025-04-23,21:06:00,"Israeli airstrike kills two civilians, injures others i",https://english.wafa.ps/Pages/Details/156754,,airstrike,Not Coded
2025-04-23,16:37:00,UPDATE: Eight injured in extremist colonists' attack on Ramallah-area town,https://english.wafa.ps/Pages/Details/156748,West Bank,settler,Injury
2025-04-23,21:06:00,"Israeli airstrike kills two civilians, injures others in Deir al-Balah",https://english.wafa.ps/Pages/Details/156754,Gaza,airstrike,Not Coded
2025-04-23,11:49:00,Israeli forces install two iron gates at entrances to Jenin camp,https://english.wafa.ps/Pages/Details/156739,West Bank,Not Coded,Displacement
2025-04-23,14:42:00,Israel conducting extensive land-leveling operations on Palestinian lands near Qalqilya,https://english.wafa.ps/Pages/Details/156747,West Bank,Not Coded,Not Coded
2025-04-23,08:57:00,"Weather: Hot to very conditions continue, temperature higher than annual average",https://english.wafa.ps/Pages/Details/156706,,Not Coded,Not Coded
2025-04-23,18:49:00,Several Palestinians sustain injuries in Israeli army raid near Bethlehem,https://english.wafa.ps/Pages/Details/156752,West Bank,raid,Injury
2025-04-23,18:43:00,Israeli forces abduct two Palestinians from southern West Bank camp,https://english.wafa.ps/Pages/Details/156751,West Bank,arrest,Displacement
2025-04-23,17:07:00,Palestinian shot and critically injured by Israeli gunfire during raid east of Nablus,https://english.wafa.ps/Pages/Details/156750,West Bank,shooting,Injury
2025-04-23,16:47:00,"Child shot, killed by Israeli army's gunfire near Jenin",https://english.wafa.ps/Pages/Details/156749,West Bank,shooting,"Killings, Children"
2025-04-23,11:49:00,"Israeli forces fill wells, demolish water tanks near Hebron",https://english.wafa.ps/Pages/Details/156738,West Bank,demolition,Not Coded
2025-04-23,21:06:00,"Israeli airstrike kills two civilians, injur ...",https://english.wafa.ps/Pages/Details/156754,,airstrike,Not Coded
2025-04-23,14:35:00,Israeli colonists set up tents on Palestinian lands for colonial expansion,https://english.wafa.ps/Pages/Details/156746,West Bank,settler,Displacement
2025-04-23,19:37:00,Israeli forces tighten restrictions at checkpoints surrounding Nablus,https://english.wafa.ps/Pages/Details/156753,West Bank,restriction,Not Coded
2025-04-23,11:49:00,Tulkarm: 87 days since Israel's aggression began on the city and refugee camps,https://english.wafa.ps/Pages/Details/156737,West Bank,Not Coded,Displacement
2025-04-23,10:23:00,Israeli forces continue large-scale military onslaught on Jenin and its camp for 93rd cons ...,https://english.wafa.ps/Pages/Details/156720,West Bank,Not Coded,Displacement
2025-04-23,10:09:00,Israeli forces abuse Palestinian man passing through military checkpoint in Salfit,https://english.wafa.ps/Pages/Details/156719,West Bank,restriction,Not Coded
2025-04-23,09:41:00,Israeli bulldozers level large areas of agricultural land near Salfit,https://english.wafa.ps/Pages/Details/156717,West Bank,demolition,Not Coded
2025-04-23,09:00:00,Civilians killed and injured in Israeli bombings of several Gaza areas,https://english.wafa.ps/Pages/Details/156713,Gaza,bomb,"Killings, Injury"
2025-04-23,11:49:00,"Chaired by the President, the 32nd session of the Palestinian Central Council kicks off in ...",https://english.wafa.ps/Pages/Details/156740,,Not Coded,Not Coded
2025-04-23,11:50:00,"Earthquake of magnitude 6.2 jolts Istanbul, causing widespread panic",https://english.wafa.ps/Pages/Details/156741,,Not Coded,Not Coded
2025-04-23,13:19:00,"Death toll in Gaza reaches 51,305, thousands still missing",https://english.wafa.ps/Pages/Details/156743,Gaza,Not Coded,Killings
2025-04-23,16:37:00,UPDATE: Eight injured in extremist colonists ...,https://english.wafa.ps/Pages/Details/156748,West Bank,settler,Injury
2025-04-23,18:43:00,Israeli forces abduct two Palestinians from  ...,https://english.wafa.ps/Pages/Details/156751,,arrest,Not Coded
2025-04-23,13:36:00,France expresses support for Arab-backed pla ...,https://english.wafa.ps/Pages/Details/156744,,Not Coded,Not Coded
2025-04-23,11:49:00,"Chaired by the President, the 32nd session o ...",https://english.wafa.ps/Pages/Details/156740,,Not Coded,Not Coded
2025-04-23,11:50:00,"Earthquake of magnitude 6.2 jolts Istanbul,  ...",https://english.wafa.ps/Pages/Details/156741,,Not Coded,Not Coded
2025-04-23,09:00:00,Civilians killed and injured in Israeli bomb ...,https://english.wafa.ps/Pages/Details/156713,,bomb,"Killings, Injury"
2025-04-23,14:35:00,Israeli colonists set up tents on Palestinia ...,https://english.wafa.ps/Pages/Details/156746,West Bank,settler,Displacement
2025-04-23,11:49:00,"Israeli forces fill wells, demolish water ta ...",https://english.wafa.ps/Pages/Details/156738,,demolition,Not Coded
2025-04-23,11:49:00,Israeli forces install two iron gates at ent ...,https://english.wafa.ps/Pages/Details/156739,,Not Coded,Not Coded
2025-04-23,11:49:00,Tulkarm: 87 days since Israel's aggression b ...,https://english.wafa.ps/Pages/Details/156737,West Bank,Not Coded,Not Coded
2025-04-23,09:41:00,Israeli bulldozers level large areas of agri ...,https://english.wafa.ps/Pages/Details/156717,,demolition,Not Coded
2025-04-23,10:09:00,Israeli forces abuse Palestinian man passing ...,https://english.wafa.ps/Pages/Details/156719,,Not Coded,Not Coded
2025-04-23,08:57:00,"Weather: Hot to very conditions continue, te ...",https://english.wafa.ps/Pages/Details/156706,,Not Coded,Not Coded
2025-04-23,14:42:00,Israel conducting extensive land-leveling op ...,https://english.wafa.ps/Pages/Details/156747,,Not Coded,Not Coded
2025-04-23,13:19:00,"Death toll in Gaza reaches 51,305, thousands ...",https://english.wafa.ps/Pages/Details/156743,Gaza,Not Coded,Killings
2025-04-23,17:07:00,Palestinian shot and critically injured by I ...,https://english.wafa.ps/Pages/Details/156750,,shooting,Injury
2025-04-23,18:49:00,Several Palestinians sustain injuries in Isr ...,https://english.wafa.ps/Pages/Details/156752,,Not Coded,Injury
2025-04-23,19:37:00,Israeli forces tighten restrictions at checkpoints surr,https://english.wafa.ps/Pages/Details/156753,,restriction,Not Coded
2025-04-23,17:07:00,Palestinian shot and critically injured by Israeli gunf,https://english.wafa.ps/Pages/Details/156750,,shooting,Injury
2025-04-23,18:49:00,Several Palestinians sustain injuries in Israeli army r,https://english.wafa.ps/Pages/Details/156752,,Not Coded,Injury
2025-04-23,10:23:00,Israeli forces continue large-scale military ...,https://english.wafa.ps/Pages/Details/156720,,Not Coded,Not Coded
2025-04-23,13:42:00,Israeli  forces demolish Palestinian house i ...,https://english.wafa.ps/Pages/Details/156745,,demolition,Not Coded
2025-04-23,18:43:00,Israeli forces abduct two Palestinians from southern We,https://english.wafa.ps/Pages/Details/156751,,arrest,Not Coded
2025-04-23,13:42:00,Israeli  forces demolish Palestinian house in Jerusalem,https://english.wafa.ps/Pages/Details/156745,West Bank,demolition,Not Coded
2025-04-23,19:37:00,Israeli forces tighten restrictions at check ...,https://english.wafa.ps/Pages/Details/156753,,Not Coded,Not Coded
2025-04-23,16:47:00,"Child shot, killed by Israeli army's gunfire ...",https://english.wafa.ps/Pages/Details/156749,,shooting,"Killings, Children"
2025-04-23,13:36:00,France expresses support for Arab-backed plan for rebuilding Gaza,https://english.wafa.ps/Pages/Details/156744,Gaza,Not Coded,Infrastructure
2025-04-22,13:22:00,Israeli forces demolish several Palestinian structures across the West Bank,https://english.wafa.ps/Pages/Details/156686,West Bank,demolition,Not Coded
2025-04-22,10:19:00,"Colonists destroy privately-owned car repair shop, seize its contents northwest of Ramalla ...",https://english.wafa.ps/Pages/Details/156682,West Bank,settler,Infrastructure
2025-04-22,13:41:00,"Israel uses aid as bargaining chip and a weapon of war in Gaza, UNRWA says",https://english.wafa.ps/Pages/Details/156688,Gaza,Not Coded,United Nations
2025-04-22,22:57:00,President Abbas chairs meeting of Fatah Central Committee,https://english.wafa.ps/Pages/Details/156700,,Not Coded,Palestine Authority
2025-04-22,08:53:00,Israeli forces blow up house of slain Palestinian near Jerusalem,https://english.wafa.ps/Pages/Details/156675,West Bank,Not Coded,Killings
2025-04-22,08:53:00,Columbia University students organize sit-in to support colleagues threatened with deporta ...,https://english.wafa.ps/Pages/Details/156676,,Not Coded,"Demonstration, Education"
2025-04-22,08:53:00,Gaza: Dozens of Palestinian civilians killed in Israeli airstrikes in Gaza,https://english.wafa.ps/Pages/Details/156677,Gaza,airstrike,Killings
2025-04-22,08:53:00,UN says Israel 'prevents all types of aid from entering Gaza',https://english.wafa.ps/Pages/Details/156678,Gaza,Not Coded,United Nations
2025-04-22,08:54:00,Israeli forces continue aggression on Jenin for the 92nd consecutive day,https://english.wafa.ps/Pages/Details/156679,West Bank,Not Coded,Not Coded
2025-04-22,08:54:00,Tulkarm: 86 days since Israel's aggression began on the city and refugee camps,https://english.wafa.ps/Pages/Details/156680,West Bank,Not Coded,Displacement
2025-04-22,10:12:00,"Israeli colonists raid Salfit-area-town, vandalize vehicle",https://english.wafa.ps/Pages/Details/156681,West Bank,raid,Not Coded
2025-04-22,13:08:00,"Israeli's ban on vaccines threatens 602,000 children with permanent paralysis and disabili ...",https://english.wafa.ps/Pages/Details/156683,,Not Coded,"Children, Medical Infrastructure"
2025-04-22,13:31:00,"Death toll across Gaza Strip surges to 51,266, over 116,991​​​​​​​ injured",https://english.wafa.ps/Pages/Details/156687,Gaza,Not Coded,"Killings, Injury"
2025-04-22,08:53:00,"Weather: Very hot conditions, rise in temperature",https://english.wafa.ps/Pages/Details/156674,,Not Coded,Not Coded
2025-04-22,15:12:00,Gaza Strip is witnessing  worst humanitarian situation since the beginning of the aggress ...,https://english.wafa.ps/Pages/Details/156689,Gaza,Not Coded,Not Coded
2025-04-22,16:38:00,Colonists assault Palestinian near Al-Auja spring north of Jericho,https://english.wafa.ps/Pages/Details/156694,West Bank,settler,Not Coded
2025-04-22,16:13:00,"Prime Minister stresses swift, dignified shelter efforts; bids launched for first two cent ...",https://english.wafa.ps/Pages/Details/156693,,Not Coded,Displacement
2025-04-22,15:42:00,Palestinian man injured in attack by Israeli forces near Hebron,https://english.wafa.ps/Pages/Details/156692,West Bank,Not Coded,Injury
2025-04-22,19:11:00,Israeli forces detain two Palestinians from West Bank,https://english.wafa.ps/Pages/Details/156695,West Bank,arrest,Not Coded
2025-04-22,19:53:00,Israeli forces order more families to leave their houses in Tulkarm refugee camp,https://english.wafa.ps/Pages/Details/156696,West Bank,Not Coded,Displacement
2025-04-22,20:06:00,Four civilians killed in Israeli airstrike on southern Gaza Strip,https://english.wafa.ps/Pages/Details/156697,Gaza,airstrike,Killings
2025-04-22,22:42:00,"Abdullah II warns of Israeli escalation in West Bank, reiterates rejection of attempts to  ...",https://english.wafa.ps/Pages/Details/156698,West Bank,Not Coded,Not Coded
2025-04-22,15:27:00,"Four Palestinian citizens killed in Israeli shelling of Shuja'iyya, east of Gaza City",https://english.wafa.ps/Pages/Details/156690,Gaza,airstrike,Killings
2025-04-22,22:54:00,"Occupation armored vehicles raid Ya'bad, damage property",https://english.wafa.ps/Pages/Details/156699,,raid,Infrastructure
2025-04-21,15:41:00,Palestinian Government warns of escalating genocidal campaign in Gaza and West Bank in lat ...,https://english.wafa.ps/Pages/Details/156647,Gaza,Not Coded,Not Coded
2025-04-21,20:51:00,"Occupation forces assault, injure minor east of Nablus",https://english.wafa.ps/Pages/Details/156668,West Bank,Not Coded,"Injury, Children"
2025-04-21,13:10:00,"UNRWA condemns ‘collective punishment’ of Palestinians, saying nothing can justify it",https://english.wafa.ps/Pages/Details/156637,,Not Coded,United Nations
2025-04-21,13:08:00,Three Palestinian citizens killed in Israeli shelling of different areas in Khan Yunis,https://english.wafa.ps/Pages/Details/156636,,airstrike,Killings
2025-04-21,12:47:00,"Pope Francis dies at 88, President Abbas offers condolences",https://english.wafa.ps/Pages/Details/156635,,Not Coded,Palestine Authority
2025-04-21,11:53:00,Israeli forces raze large tract of Palestinian lands northwest of Salfit,https://english.wafa.ps/Pages/Details/156634,West Bank,demolition,Not Coded
2025-04-21,09:12:00,Tulkarm: 85 days since Israel's aggression began on the city and refugee camps,https://english.wafa.ps/Pages/Details/156630,West Bank,Not Coded,Displacement
2025-04-21,11:02:00,Israeli forces demolish agricultural room east of Qalqilya,https://english.wafa.ps/Pages/Details/156632,West Bank,demolition,Not Coded
2025-04-21,10:53:00,Israel cancels visas for 27 French left-wing lawmakers ahead of visit,https://english.wafa.ps/Pages/Details/156631,,Not Coded,Not Coded
2025-04-21,20:59:00,Teenager injured by Israeli forces’ live fire during military raid on Hebron-area town,https://english.wafa.ps/Pages/Details/156669,West Bank,shooting,"Injury, Children"
2025-04-21,09:09:00,Occupation forces demolish residential building near Hebron,https://english.wafa.ps/Pages/Details/156628,West Bank,demolition,Infrastructure
2025-04-21,09:09:00,Israeli forces demolish house near Ramallah,https://english.wafa.ps/Pages/Details/156627,West Bank,demolition,Not Coded
2025-04-21,09:09:00,Eight Palestinians killed in Gaza following Israeli shelling,https://english.wafa.ps/Pages/Details/156626,Gaza,airstrike,Killings
2025-04-21,13:41:00,Israeli forces demolish  several Palestinian structures near Hebron,https://english.wafa.ps/Pages/Details/156642,West Bank,demolition,Not Coded
2025-04-21,20:43:00,Colonists attack Palestinian citizens in Khirbet al-Farisiyah in northern Jordan Valley,https://english.wafa.ps/Pages/Details/156665,West Bank,settler,Not Coded
2025-04-21,20:46:00,Israeli colonists storm Bedouin community northwest of Jericho,https://english.wafa.ps/Pages/Details/156667,West Bank,raid,Not Coded
2025-04-21,15:16:00,Government views with extreme concern Israel’s ban on Jerusalem Affairs Minister’s entry  ...,https://english.wafa.ps/Pages/Details/156645,West Bank,Not Coded,Not Coded
2025-04-21,09:09:00,Weather: Temperature higher than annual average,https://english.wafa.ps/Pages/Details/156625,,Not Coded,Not Coded
2025-04-21,15:46:00,"Female detainees facing inhumane, unbearable conditions in Israeli detention, says Prisone ...",https://english.wafa.ps/Pages/Details/156648,,arrest,Hostages
2025-04-21,11:49:00,Israeli colonists set up tents on Palestinian lands in Ramallah,https://english.wafa.ps/Pages/Details/156633,West Bank,settler,Displacement
2025-04-21,13:40:00,Israeli forces continue aggression on Jenin for the 91st consecutive day,https://english.wafa.ps/Pages/Details/156638,West Bank,Not Coded,Not Coded
2025-04-21,20:44:00,"Civilian killed, five injured in Israeli airstrike on Al-Bureij refugee camp in Gaza",https://english.wafa.ps/Pages/Details/156666,Gaza,airstrike,"Killings, Injury, Displacement"
2025-04-21,13:40:00,"Death toll in Gaza rises to 51,240 as Israel continues its aggression",https://english.wafa.ps/Pages/Details/156639,Gaza,Not Coded,Killings
2025-04-21,13:41:00,"Israeli forces shoot, injure Palestinian student during raid on Hebron-area town",https://english.wafa.ps/Pages/Details/156643,West Bank,shooting,Injury
2025-04-21,15:53:00,Grand Mufti warns of grave consequences following AI-generated video depicting demolition  ...,https://english.wafa.ps/Pages/Details/156649,,demolition,Not Coded
2025-04-21,16:25:00,9 civilians killed in Israeli airstrikes on home in Khan Yunis and displaced families' ten ...,https://english.wafa.ps/Pages/Details/156650,,airstrike,"Killings, Displacement"
2025-04-21,17:04:00,UPDATE: Palestinian killed by tear gas inhalation during colonists’ attack on Ramallah-are ...,https://english.wafa.ps/Pages/Details/156651,West Bank,settler,Killings
2025-04-21,17:16:00,"Colonists disrupt traffic, attack Palestinian vehicles west of Salfit",https://english.wafa.ps/Pages/Details/156652,West Bank,settler,Not Coded
2025-04-21,18:07:00,Ankara: 200 union leaders from 41 countries condemn genocide in Gaza,https://english.wafa.ps/Pages/Details/156653,Gaza,crimes against humanity,Killings
2025-04-21,14:23:00,"Over 65 Palestinians killed inside Israeli imprisonment since October 7, 2023,  says PPS",https://english.wafa.ps/Pages/Details/156644,,arrest,Killings
2025-04-20,21:12:00,Colonists attack citizens’ property in Wadi Qana northwest of Salfit,https://english.wafa.ps/Pages/Details/156622,West Bank,settler,Not Coded
2025-04-20,19:35:00,UAE strongly condemns extremist calls to destruct Al-Aqsa mosque and violations committed  ...,https://english.wafa.ps/Pages/Details/156619,,Not Coded,Religion
2025-04-20,20:36:00,Occupation forces close main road connecting cities of Jenin and Nablus,https://english.wafa.ps/Pages/Details/156620,West Bank,Not Coded,Not Coded
2025-04-20,20:43:00,Civilian shot and killed by Israeli sniper drone east of Gaza City,https://english.wafa.ps/Pages/Details/156621,Gaza,airstrike,Killings
2025-04-20,21:20:00,Young Palestinian man shot dead by Israeli forces south of Jenin,https://english.wafa.ps/Pages/Details/156623,West Bank,shooting,Killings
2025-04-20,09:05:00,"Israeli forces forcibly remove family in Turmus Ayya, convert their home into outpost",https://english.wafa.ps/Pages/Details/156600,,Not Coded,Not Coded
2025-04-20,12:30:00,Israel’s genocide in Gaza: 44 Palestinians killed in 24 hours,https://english.wafa.ps/Pages/Details/156607,Gaza,crimes against humanity,Killings
2025-04-20,09:05:00,Israeli forces forcibly remove family in Tur ...,https://english.wafa.ps/Pages/Details/156600,,Not Coded,Not Coded
2025-04-20,08:21:00,Palestinian injured by Israeli gunfire north ...,https://english.wafa.ps/Pages/Details/156598,,shooting,Injury
2025-04-20,09:21:00,WFP: Over two millions in Gaza currently lac ...,https://english.wafa.ps/Pages/Details/156601,Gaza,Not Coded,Not Coded
2025-04-20,09:05:00,"Israeli forces forcibly remove family in Turmus Ayya, c",https://english.wafa.ps/Pages/Details/156600,,Not Coded,Not Coded
2025-04-20,09:34:00,56 Palestinians killed since early Saturday morning in Gaza,https://english.wafa.ps/Pages/Details/156602,Gaza,Not Coded,Killings
2025-04-20,12:37:00,"12 Palestinians killed in continued Israeli attacks on Gaza, Khan Younis, and Rafah",https://english.wafa.ps/Pages/Details/156609,Gaza,Not Coded,Killings
2025-04-20,13:13:00,"Israeli colonists bulldoze Palestinian lands in Umm Safa village, north of Ramallah",https://english.wafa.ps/Pages/Details/156610,West Bank,demolition,Not Coded
2025-04-20,11:36:00,Israeli colonists attack bus with stones in Sheikh Jarr,https://english.wafa.ps/Pages/Details/156606,West Bank,settler,Not Coded
2025-04-20,11:22:00,Seven Palestinians killed in Israeli strikes on Gaza and Khan Younis,https://english.wafa.ps/Pages/Details/156605,Gaza,Not Coded,Killings
2025-04-20,08:43:00,Hundreds march in Missouri demanding release of Palestinian activist Mahmoud Khalil,https://english.wafa.ps/Pages/Details/156599,,Not Coded,Demonstration
2025-04-20,09:34:00,56 Palestinians killed since early Saturday morning in,https://english.wafa.ps/Pages/Details/156602,,Not Coded,Killings
2025-04-20,09:21:00,WFP: Over two millions in Gaza currently lacking any source of income,https://english.wafa.ps/Pages/Details/156601,Gaza,Not Coded,Not Coded
2025-04-20,11:16:00,Israeli colonists steal water tanks in northern Jordan Valley,https://english.wafa.ps/Pages/Details/156604,West Bank,settler,Theft
2025-04-20,10:42:00,"Armed Israeli colonists attack farmers, vandalize vehicle in Turmus Ayya",https://english.wafa.ps/Pages/Details/156603,West Bank,settler,Not Coded
2025-04-20,11:22:00,Seven Palestinians killed in Israeli strikes on Gaza an,https://english.wafa.ps/Pages/Details/156605,Gaza,Not Coded,Killings
2025-04-20,12:32:00,Khouri attends joint Holy Saturday service of Episcopal and Lutheran Churches in Ramallah,https://english.wafa.ps/Pages/Details/156608,West Bank,Not Coded,Not Coded
2025-04-20,11:36:00,Israeli colonists attack bus with stones in  ...,https://english.wafa.ps/Pages/Details/156606,West Bank,settler,Not Coded
2025-04-20,11:16:00,Israeli colonists steal water tanks in north ...,https://english.wafa.ps/Pages/Details/156604,West Bank,settler,Theft
2025-04-20,18:28:00,Orthodox Patriarchate of Jerusalem condemns Israeli suppression of worshippers on Holy Sat ...,https://english.wafa.ps/Pages/Details/156615,West Bank,Not Coded,Not Coded
2025-04-20,17:41:00,Massive Istanbul march protests Israeli genocide in Gaza,https://english.wafa.ps/Pages/Details/156614,Gaza,crimes against humanity,"Killings, Demonstration"
2025-04-20,19:30:00,Palestinian detainee from Bethlehem dies in Israeli custody,https://english.wafa.ps/Pages/Details/156618,West Bank,Not Coded,Hostages
2025-04-20,19:11:00,Occupation closes western entrance to village southeast of Bethlehem,https://english.wafa.ps/Pages/Details/156617,West Bank,Not Coded,Not Coded
2025-04-20,13:41:00,"UNRWA: Over 90,000 displaced sheltering in 115 centers across Gaza",https://english.wafa.ps/Pages/Details/156611,Gaza,Not Coded,"Displacement, United Nations"
2025-04-20,14:13:00,"Israeli airstrike kills one, injures another in southern Lebanon",https://english.wafa.ps/Pages/Details/156612,,airstrike,Not Coded
2025-04-20,11:22:00,Seven Palestinians killed in Israeli strikes ...,https://english.wafa.ps/Pages/Details/156605,,Not Coded,Killings
2025-04-20,18:33:00,Israeli forces critically wound teenager in eastern Nablus,https://english.wafa.ps/Pages/Details/156616,West Bank,Not Coded,"Injury, Children"
2025-04-20,17:30:00,"Pope Francis calls for end to all violence, including in Gaza, in Easter message",https://english.wafa.ps/Pages/Details/156613,Gaza,Not Coded,Not Coded
2025-04-20,11:36:00,"Israeli colonists attack bus with stones in Sheikh Jarrah, occupied Jerusalem",https://english.wafa.ps/Pages/Details/156606,West Bank,settler,Not Coded
2025-04-20,09:34:00,56 Palestinians killed since early Saturday  ...,https://english.wafa.ps/Pages/Details/156602,,Not Coded,Killings
2025-04-20,08:43:00,Hundreds march in Missouri demanding release ...,https://english.wafa.ps/Pages/Details/156599,,Not Coded,Demonstration
2025-04-20,10:42:00,"Armed Israeli colonists attack farmers, vandalize vehic",https://english.wafa.ps/Pages/Details/156603,West Bank,settler,Not Coded
2025-04-20,08:21:00,Palestinian injured by Israeli gunfire north of Tulkarm,https://english.wafa.ps/Pages/Details/156598,West Bank,shooting,Injury
2025-04-20,10:42:00,"Armed Israeli colonists attack farmers, vand ...",https://english.wafa.ps/Pages/Details/156603,West Bank,settler,Not Coded
2025-04-19,12:55:00,Israeli colonists steal water pumps used to  ...,https://english.wafa.ps/Pages/Details/156584,West Bank,settler,Theft
2025-04-19,23:03:00,UNICEF: Gaza’s pediatric hospitals facing severe shortages amid ongoing Israeli attacks,https://english.wafa.ps/Pages/Details/156597,Gaza,Not Coded,"Children, Medical Infrastructure"
2025-04-19,12:55:00,Israeli colonists steal water pumps used to irrigate Palestinian crops in northern Jordan  ...,https://english.wafa.ps/Pages/Details/156584,West Bank,settler,Theft
2025-04-19,21:18:00,Three Palestinians killed in Israeli strikes ...,https://english.wafa.ps/Pages/Details/156596,,Not Coded,Killings
2025-04-19,10:02:00,France says allowing humanitarian aid into Gaza is 'obligation',https://english.wafa.ps/Pages/Details/156581,Gaza,Not Coded,Food Security
2025-04-19,09:58:00,"Israeli colonists storm Bedouin village, graze their sheep among homes of residents",https://english.wafa.ps/Pages/Details/156579,West Bank,raid,Infrastructure
2025-04-19,10:00:00,Several civilians killed and others injured in Israeli airstrikes on Khan Yunis and Gaza,https://english.wafa.ps/Pages/Details/156580,Gaza,airstrike,"Killings, Injury"
2025-04-19,20:07:00,Child shot and injured by Israeli occupation ...,https://english.wafa.ps/Pages/Details/156594,,shooting,"Injury, Children"
2025-04-19,13:06:00,Israel’s genocide in Gaza: 92 Palestinians killed in 48 hours,https://english.wafa.ps/Pages/Details/156585,Gaza,crimes against humanity,Killings
2025-04-19,23:03:00,UNICEF: Gaza’s pediatric hospitals facing s ...,https://english.wafa.ps/Pages/Details/156597,Gaza,Not Coded,"Children, Medical Infrastructure"
2025-04-19,11:36:00,Three Palestinian citizens killed in Israeli forces' shelling of central Gaza Strip,https://english.wafa.ps/Pages/Details/156582,Gaza,airstrike,Killings
2025-04-19,13:06:00,Israel’s genocide in Gaza: 92 Palestinians k ...,https://english.wafa.ps/Pages/Details/156585,Gaza,crimes against humanity,Killings
2025-04-19,18:24:00,Christians in Palestine mark Holy Saturday a ...,https://english.wafa.ps/Pages/Details/156591,,Not Coded,Religion
2025-04-19,13:53:00,Five Palestinians killed in Israeli attacks  ...,https://english.wafa.ps/Pages/Details/156586,,Not Coded,Killings
2025-04-19,15:09:00,Israeli forces clamp down worshippers on Hol ...,https://english.wafa.ps/Pages/Details/156588,,Not Coded,Not Coded
2025-04-19,20:07:00,Child shot and injured by Israeli occupation forces east of Nablus,https://english.wafa.ps/Pages/Details/156594,West Bank,shooting,"Injury, Children"
2025-04-19,11:39:00,Colombia's president calls for shedding light on Palestinians suffering under genocide,https://english.wafa.ps/Pages/Details/156583,,crimes against humanity,Killings
2025-04-19,16:45:00,Three more Palestinians killed in ongoing Is ...,https://english.wafa.ps/Pages/Details/156590,,Not Coded,Killings
2025-04-19,15:27:00,Six more Palestinians killed in Israeli airs ...,https://english.wafa.ps/Pages/Details/156589,,Not Coded,Killings
2025-04-19,18:45:00,"Israeli colonists set fire to crops, attempt ...",https://english.wafa.ps/Pages/Details/156592,West Bank,settler,Not Coded
2025-04-19,15:09:00,"Israeli forces clamp down worshippers on Holy Saturday, impose restrictions in occupied Je ...",https://english.wafa.ps/Pages/Details/156588,,Not Coded,Not Coded
2025-04-19,21:03:00,Israeli occupation forces assault WAFA photo ...,https://english.wafa.ps/Pages/Details/156595,,Not Coded,Not Coded
2025-04-19,14:35:00,UNRWA: Palestinians in Gaza facing renewed bombardment and starvation,https://english.wafa.ps/Pages/Details/156587,Gaza,airstrike,"Food Security, United Nations"
2025-04-19,18:45:00,"Israeli colonists set fire to crops, attempt to steal livestock south of Hebron",https://english.wafa.ps/Pages/Details/156592,West Bank,settler,Theft
2025-04-19,18:24:00,Christians in Palestine mark Holy Saturday amid tight Israeli restrictions,https://english.wafa.ps/Pages/Details/156591,,Not Coded,Religion
2025-04-19,19:40:00,Four Palestinians killed in Israeli attacks on central and northern Gaza,https://english.wafa.ps/Pages/Details/156593,Gaza,Not Coded,Killings
2025-04-19,15:27:00,Six more Palestinians killed in Israeli airstrikes on Gaza City,https://english.wafa.ps/Pages/Details/156589,Gaza,airstrike,Killings
2025-04-19,19:40:00,Four Palestinians killed in Israeli attacks  ...,https://english.wafa.ps/Pages/Details/156593,,Not Coded,Killings
2025-04-19,21:03:00,"Israeli occupation forces assault WAFA photographer, ransack his home in Tulkarm",https://english.wafa.ps/Pages/Details/156595,West Bank,Not Coded,Not Coded
2025-04-19,21:18:00,Three Palestinians killed in Israeli strikes on Nuseirat and Khan Younis,https://english.wafa.ps/Pages/Details/156596,Gaza,Not Coded,Killings
2025-04-19,13:53:00,Five Palestinians killed in Israeli attacks across Gaza Strip,https://english.wafa.ps/Pages/Details/156586,Gaza,Not Coded,Killings
2025-04-19,16:45:00,Three more Palestinians killed in ongoing Israeli strikes on Gaza,https://english.wafa.ps/Pages/Details/156590,Gaza,Not Coded,Killings
2025-04-19,14:35:00,UNRWA: Palestinians in Gaza facing renewed b ...,https://english.wafa.ps/Pages/Details/156587,Gaza,Not Coded,United Nations
2025-04-18,19:21:00,"Israeli airstrikes kill several Palestinians, including paramdeic, in northern and souther ...",https://english.wafa.ps/Pages/Details/156577,,airstrike,Killings
2025-04-18,13:15:00,"Colonists uproot hundreds of olive trees, bulldoze around 2,000 dunums of land near Ramall ...",https://english.wafa.ps/Pages/Details/156564,West Bank,demolition,Not Coded
2025-04-18,16:35:00,"Israeli airstrike on Gaza City kills at least seven, dozens injured",https://english.wafa.ps/Pages/Details/156571,Gaza,airstrike,Injury
2025-04-18,15:03:00,"UNRWA: 420,000 Palestinians newly displaced in Gaza since Israel shattered ceasefire",https://english.wafa.ps/Pages/Details/156568,Gaza,Not Coded,"Displacement, United Nations"
2025-04-18,10:21:00,"Israeli colonists continue works on settlement road near Burin, south of Nablus",https://english.wafa.ps/Pages/Details/156562,West Bank,settler,Not Coded
2025-04-18,14:37:00,10 Palestinians killed in Israeli strikes on Gaza; total death toll rises to 34 on Friday,https://english.wafa.ps/Pages/Details/156567,Gaza,Not Coded,Killings
2025-04-18,13:54:00,Several Palestinians injured in attack by Israeli colonists in Salfit,https://english.wafa.ps/Pages/Details/156565,West Bank,settler,Injury
2025-04-18,09:33:00,Israeli assault on Tulkarm and its refugee camps enters 82nd consecutive day,https://english.wafa.ps/Pages/Details/156560,West Bank,Not Coded,Displacement
2025-04-18,16:15:00,President Abbas arrives in Damascus for official visit,https://english.wafa.ps/Pages/Details/156570,,Not Coded,Palestine Authority
2025-04-18,09:06:00,22 Palestinians killed in a series of Israeli attacks on Gaza overnight,https://english.wafa.ps/Pages/Details/156559,Gaza,Not Coded,Killings
2025-04-18,18:48:00,Israeli forces obstruct Palestine Red Crescent ambulance in Al-Bireh,https://english.wafa.ps/Pages/Details/156574,West Bank,Not Coded,Medical Infrastructure
2025-04-18,09:39:00,Two Palestinians killed in Israeli drone strike on tent in northern Gaza,https://english.wafa.ps/Pages/Details/156561,Gaza,airstrike,"Killings, Displacement, Demonstration"
2025-04-18,14:01:00,"Israeli forces suppress anti-settlement protest, detain three in al-Dhahiriya",https://english.wafa.ps/Pages/Details/156566,,arrest,Demonstration
2025-04-18,15:32:00,Israeli forces bulldoze main and side roads near Jenin,https://english.wafa.ps/Pages/Details/156569,West Bank,demolition,Infrastructure
2025-04-18,19:15:00,"President Abbas meets with Syrian counterpart in Damascus, discusses developments",https://english.wafa.ps/Pages/Details/156575,,Not Coded,Palestine Authority
2025-04-18,22:29:00,OCHA warns of severe deterioration in Gaza’s humanitarian situation,https://english.wafa.ps/Pages/Details/156578,Gaza,Not Coded,Not Coded
2025-04-18,18:06:00,Rights group: Israel responsible for health of elderly Palestinian prisoner Mohammad al-Na ...,https://english.wafa.ps/Pages/Details/156573,,Not Coded,Hostages
2025-04-18,11:17:00,Two Palestinians killed in Israeli drone strike on civilian vehicle in Khan Younis,https://english.wafa.ps/Pages/Details/156563,Gaza,airstrike,"Killings, Demonstration"
2025-04-18,17:37:00,"Four Palestinians, including two children, killed in Israeli airstrike on northern Gaza",https://english.wafa.ps/Pages/Details/156572,Gaza,airstrike,"Killings, Children"
2025-04-18,19:17:00,Palestinian injured in attack by Israeli colonists near Ramallah,https://english.wafa.ps/Pages/Details/156576,West Bank,settler,Injury
2025-04-17,14:39:00,Lebanese civilian killed in Israeli airstrik ...,https://english.wafa.ps/Pages/Details/156547,,Not Coded,Killings
2025-04-17,13:47:00,Israeli forces suppress anti-colonial protest south of Hebron,https://english.wafa.ps/Pages/Details/156545,West Bank,settler,Demonstration
2025-04-17,18:13:00,Five Palestinians killed in Israeli airstrik ...,https://english.wafa.ps/Pages/Details/156552,,Not Coded,Killings
2025-04-17,19:23:00,UN expert condemns horrific Israeli attack o ...,https://english.wafa.ps/Pages/Details/156553,,Not Coded,United Nations
2025-04-17,18:13:00,Five Palestinians killed in Israeli airstrikes on Deir,https://english.wafa.ps/Pages/Details/156552,,airstrike,Killings
2025-04-17,16:59:00,"Six Palestinians killed, dozens injured in ongoing Israeli strikes on Gaza",https://english.wafa.ps/Pages/Details/156551,Gaza,Not Coded,"Killings, Injury"
2025-04-17,12:43:00,Israel continues disinformation campaign against UNRWA,https://english.wafa.ps/Pages/Details/156542,,Not Coded,United Nations
2025-04-17,14:51:00,Israeli occupation forces storm archeological site near Hebron,https://english.wafa.ps/Pages/Details/156549,West Bank,raid,Not Coded
2025-04-17,08:40:00,UN: Israel continues to obstruct distribution of humanitarian aid in Gaza,https://english.wafa.ps/Pages/Details/156537,Gaza,Not Coded,"Food Security, United Nations"
2025-04-17,14:39:00,Lebanese civilian killed in Israeli airstrike on southern Lebanon,https://english.wafa.ps/Pages/Details/156547,,airstrike,Killings
2025-04-17,10:50:00,Thousands of Israeli colonists break into Je ...,https://english.wafa.ps/Pages/Details/156540,West Bank,settler,Not Coded
2025-04-17,20:03:00,Palestinian man shot by Israeli colonist dis ...,https://english.wafa.ps/Pages/Details/156554,West Bank,shooting,Not Coded
2025-04-17,12:41:00,Several civilians killed and others injured in Israeli airstrikes on different areas in Ga ...,https://english.wafa.ps/Pages/Details/156541,,airstrike,"Killings, Injury"
2025-04-17,21:53:00,UNRWA: No aid has entered Gaza since March 2 ...,https://english.wafa.ps/Pages/Details/156556,Gaza,Not Coded,"Demonstration, United Nations"
2025-04-17,14:36:00,Israeli army forces Palestinian family to evacuate  their homes near Tulkarm,https://english.wafa.ps/Pages/Details/156546,West Bank,Not Coded,"Displacement, Infrastructure"
2025-04-17,12:41:00,Several civilians killed and others injured  ...,https://english.wafa.ps/Pages/Details/156541,,Not Coded,"Killings, Injury"
2025-04-17,15:57:00,Arab League: Palestinian cause facing the most serious threat in its history,https://english.wafa.ps/Pages/Details/156550,,Not Coded,Not Coded
2025-04-17,08:42:00,"China and Malaysia reject displacement, call ...",https://english.wafa.ps/Pages/Details/156538,,Not Coded,Displacement
2025-04-17,12:49:00,"Death toll across Gaza Strip surges to 51,065 , over 116,505 injured",https://english.wafa.ps/Pages/Details/156543,Gaza,Not Coded,"Killings, Injury"
2025-04-17,23:56:00,"Two Palestinian teenagers killed, one injured during Israeli military raid near Nablus",https://english.wafa.ps/Pages/Details/156558,West Bank,raid,"Killings, Injury, Children"
2025-04-17,16:59:00,"Six Palestinians killed, dozens injured in ongoing Isra",https://english.wafa.ps/Pages/Details/156551,,Not Coded,"Killings, Injury"
2025-04-17,10:21:00,Palestinian detainee dies in Israeli custody,https://english.wafa.ps/Pages/Details/156539,,Not Coded,Hostages
2025-04-17,20:03:00,Palestinian man shot by Israeli colonist disguised in m,https://english.wafa.ps/Pages/Details/156554,West Bank,shooting,Not Coded
2025-04-17,20:03:00,Palestinian man shot by Israeli colonist disguised in military uniform near Hebron,https://english.wafa.ps/Pages/Details/156554,West Bank,shooting,Not Coded
2025-04-17,14:42:00,Jordan condemns Knesset members' incursion o ...,https://english.wafa.ps/Pages/Details/156548,,raid,Not Coded
2025-04-17,20:17:00,Several Palestinians killed or injured in Israeli strikes on Gaza,https://english.wafa.ps/Pages/Details/156555,Gaza,Not Coded,"Killings, Injury"
2025-04-17,08:40:00,UN: Israel continues to obstruct distributio ...,https://english.wafa.ps/Pages/Details/156537,,Not Coded,United Nations
2025-04-17,14:42:00,Jordan condemns Knesset members' incursion of Jerusalem's Aqsa Mosque,https://english.wafa.ps/Pages/Details/156548,West Bank,raid,Religion
2025-04-17,15:57:00,Arab League: Palestinian cause facing the mo ...,https://english.wafa.ps/Pages/Details/156550,,Not Coded,Not Coded
2025-04-17,12:43:00,Israel continues disinformation campaign ag ...,https://english.wafa.ps/Pages/Details/156542,,Not Coded,Not Coded
2025-04-17,18:13:00,Five Palestinians killed in Israeli airstrikes on Deir el-Balah and Rafah,https://english.wafa.ps/Pages/Details/156552,Gaza,airstrike,Killings
2025-04-17,13:47:00,Israeli forces suppress anti-colonial protes ...,https://english.wafa.ps/Pages/Details/156545,West Bank,settler,Not Coded
2025-04-17,14:51:00,Israeli occupation forces storm archeologica ...,https://english.wafa.ps/Pages/Details/156549,,raid,Not Coded
2025-04-17,13:08:00,Six civilians killed in Israeli airstrike on Jabalia refugee camp in northern Gaza Strip,https://english.wafa.ps/Pages/Details/156544,Gaza,airstrike,"Killings, Displacement"
2025-04-17,16:59:00,"Six Palestinians killed, dozens injured in o ...",https://english.wafa.ps/Pages/Details/156551,,Not Coded,"Killings, Injury"
2025-04-17,23:56:00,"Two Palestinian teenagers killed, one injure ...",https://english.wafa.ps/Pages/Details/156558,,Not Coded,"Killings, Injury, Children"
2025-04-17,21:53:00,UNRWA: No aid has entered Gaza since March 2,https://english.wafa.ps/Pages/Details/156556,Gaza,Not Coded,"Demonstration, United Nations"
2025-04-17,14:36:00,Israeli army forces Palestinian family to ev ...,https://english.wafa.ps/Pages/Details/156546,,Not Coded,Not Coded
2025-04-17,10:50:00,Thousands of Israeli colonists break into Jerusalem's Aqsa Mosque on Passover,https://english.wafa.ps/Pages/Details/156540,West Bank,settler,Religion
2025-04-17,08:42:00,"China and Malaysia reject displacement, call for establishment of independent Palestinian  ...",https://english.wafa.ps/Pages/Details/156538,,Not Coded,Displacement
2025-04-17,23:56:00,"Two Palestinian teenagers killed, one injured during Is",https://english.wafa.ps/Pages/Details/156558,,Not Coded,"Killings, Injury, Children"
2025-04-17,12:49:00,"Death toll across Gaza Strip surges to 51,06 ...",https://english.wafa.ps/Pages/Details/156543,Gaza,Not Coded,Killings
2025-04-17,20:17:00,Several Palestinians killed or injured in Is ...,https://english.wafa.ps/Pages/Details/156555,,Not Coded,"Killings, Injury"
2025-04-17,20:17:00,Several Palestinians killed or injured in Israeli strik,https://english.wafa.ps/Pages/Details/156555,,Not Coded,"Killings, Injury"
2025-04-17,13:08:00,Six civilians killed in Israeli airstrike on ...,https://english.wafa.ps/Pages/Details/156544,,airstrike,Killings
2025-04-17,19:23:00,UN expert condemns horrific Israeli attack on Al-Ahli Hospital in Gaza,https://english.wafa.ps/Pages/Details/156553,Gaza,Not Coded,"Medical Infrastructure, United Nations"
2025-04-16,21:32:00,Mass protest in Gaza’s Beit Lahia demands end to Israeli aggression,https://english.wafa.ps/Pages/Details/156536,Gaza,Not Coded,Demonstration
2025-04-16,09:27:00,"Israeli forces storm Jenin-area town, surround a house",https://english.wafa.ps/Pages/Details/156497,West Bank,raid,Not Coded
2025-04-16,12:25:00,Israeli forces kill two Palestinians in Jenin,https://english.wafa.ps/Pages/Details/156517,West Bank,Not Coded,Killings
2025-04-16,16:16:00,Israeli forces detain child during colonists' raid on archaeological site in central Hebro ...,https://english.wafa.ps/Pages/Details/156526,West Bank,raid,Children
2025-04-16,12:22:00,Colonist attack vehicle with Palestinian students in it near Hebron,https://english.wafa.ps/Pages/Details/156513,West Bank,settler,Education
2025-04-16,16:20:00,UPDATE: Three civilians killed in Israeli airstrikes on cities of Khan Yunis and Gaza,https://english.wafa.ps/Pages/Details/156527,Gaza,airstrike,Killings
2025-04-16,20:56:00,Maltese Prime Minister welcomes wounded Palestinian children from Gaza for treatment,https://english.wafa.ps/Pages/Details/156534,Gaza,Not Coded,"Injury, Children, Medical Infrastructure"
2025-04-16,11:55:00,"Doctors Without Borders says Gaza has become a ""mass graveyard for Palestinians""",https://english.wafa.ps/Pages/Details/156507,Gaza,Not Coded,Medical Infrastructure
2025-04-16,12:22:00,"President Abbas phones Jordan's King, affirms solidarity in confronting terrorism plots",https://english.wafa.ps/Pages/Details/156514,,Not Coded,"Demonstration, Palestine Authority"
2025-04-16,20:12:00,President receives Executive Director of Churches for Middle East Peace,https://english.wafa.ps/Pages/Details/156532,,Not Coded,Not Coded
2025-04-16,16:07:00,"Death toll from Israeli aggression on Gaza rises to 51,025",https://english.wafa.ps/Pages/Details/156525,Gaza,Not Coded,Killings
2025-04-16,18:43:00,UNRWA says severe shortage of medicines in Gaza poses grave threat to patients' lives,https://english.wafa.ps/Pages/Details/156530,Gaza,Not Coded,United Nations
2025-04-16,17:38:00,"Cabinet warns against expansion of colonial projects in West Bank, including Jerusalem",https://english.wafa.ps/Pages/Details/156528,West Bank,settler,Not Coded
2025-04-16,08:46:00,Weather: Temperature around its annual average,https://english.wafa.ps/Pages/Details/156485,,Not Coded,Not Coded
2025-04-16,18:20:00,Occupation forces demolish home of two Palestinians killed by Israeli forces in Jenin,https://english.wafa.ps/Pages/Details/156529,West Bank,demolition,Killings
2025-04-16,09:37:00,Israeli extremist minister storms Hebron's Ibrahimi Mosque,https://english.wafa.ps/Pages/Details/156501,West Bank,Not Coded,Religion
2025-04-16,12:03:00,"Under Israeli forces protection, colonists raze lands near Ramallah",https://english.wafa.ps/Pages/Details/156509,West Bank,demolition,Not Coded
2025-04-16,12:25:00,ActionAid doctors report  sharp increase in cases of severe malnutrition among Gaza pregna ...,https://english.wafa.ps/Pages/Details/156519,Gaza,Not Coded,"Medical Infrastructure, Food Security"
2025-04-16,19:38:00,Israeli airstrike on Al-Tuffah neighborhood in Gaza kills and wounds civilians,https://english.wafa.ps/Pages/Details/156531,Gaza,airstrike,Injury
2025-04-16,09:32:00,Hundreds of Israeli colonists break into Jerusalem's Aqsa Mosque on Passover,https://english.wafa.ps/Pages/Details/156500,West Bank,settler,Religion
2025-04-16,15:56:00,Journalist and her family killed in Israeli airstrike on their home in Gaza,https://english.wafa.ps/Pages/Details/156524,Gaza,airstrike,Killings
2025-04-16,08:46:00,"US activists protest Palestinian student's detention, call for his freedom",https://english.wafa.ps/Pages/Details/156489,,arrest,Demonstration
2025-04-16,08:46:00,"Colonists storm Joseph's Tomb near Nablus, perform Talmudic prayers",https://english.wafa.ps/Pages/Details/156487,West Bank,raid,Religion
2025-04-16,21:12:00,Four civilians killed and dozens injured in Israeli airstrikes on Khan Yunis and Deir al-B ...,https://english.wafa.ps/Pages/Details/156535,,airstrike,"Killings, Injury"
2025-04-16,11:56:00,Palestinians mark Prisoners’ Day Amid Ongoing Genocide for 2nd Year in a Row,https://english.wafa.ps/Pages/Details/156508,,crimes against humanity,"Killings, Hostages"
2025-04-16,15:44:00,Colonists storm archaeological palace west of Jericho,https://english.wafa.ps/Pages/Details/156523,West Bank,raid,Not Coded
2025-04-16,09:27:00,Gaza: Several Palestinians killed in Israeli bombing of several areas,https://english.wafa.ps/Pages/Details/156499,Gaza,bomb,Killings
2025-04-16,08:46:00,Tulkarm: 80 days since Israel's aggression began on the city and refugee camps,https://english.wafa.ps/Pages/Details/156486,West Bank,Not Coded,Displacement
2025-04-16,20:37:00,ICC requests clarification from Hungary over failure to arrest Netanyahu,https://english.wafa.ps/Pages/Details/156533,,arrest,Legal
2025-04-15,15:08:00,Young man injured by Israeli gunfire east of Nablus,https://english.wafa.ps/Pages/Details/156465,West Bank,shooting,Injury
2025-04-15,08:41:00,"Israeli forces shoot, injure then detain youth in Nablus",https://english.wafa.ps/Pages/Details/156449,West Bank,shooting,"Injury, Children"
2025-04-15,18:40:00,Several suffocation cases reported during Israeli military raid on Abu Dis east of Jerusal ...,https://english.wafa.ps/Pages/Details/156471,West Bank,raid,Not Coded
2025-04-15,20:42:00,Presidency condemns terror plot aimed at destabilizing Jordan,https://english.wafa.ps/Pages/Details/156473,,Not Coded,Not Coded
2025-04-15,08:31:00,Israeli forces raid several homes near Nablus,https://english.wafa.ps/Pages/Details/156438,West Bank,raid,Infrastructure
2025-04-15,12:24:00,"Colonists attack Palestinians, wound some near of Bethlehem",https://english.wafa.ps/Pages/Details/156462,West Bank,settler,Injury
2025-04-15,12:25:00,"Four killed by Israeli airstrike as death toll in Gaza surges to 51,000 as the aggression  ...",https://english.wafa.ps/Pages/Details/156463,Gaza,airstrike,Killings
2025-04-15,10:44:00,Tulkarm: Israeli forces continue assault on city and camps for 79th day in a row,https://english.wafa.ps/Pages/Details/156456,West Bank,Not Coded,Displacement
2025-04-15,08:41:00,UN's Guterres expresses deep concern over Israel's bombing of Gaza hospital,https://english.wafa.ps/Pages/Details/156445,Gaza,bomb,"Medical Infrastructure, United Nations"
2025-04-15,17:17:00,Colonists vandalize agricultural structures west of Salfit,https://english.wafa.ps/Pages/Details/156469,West Bank,settler,Not Coded
2025-04-15,08:31:00,Gaza: Five Palestinians killed by Israeli airstrike on displaced people's tents,https://english.wafa.ps/Pages/Details/156440,Gaza,airstrike,"Killings, Displacement"
2025-04-15,08:31:00,"Weather: Cloudy, cold conditions to continue",https://english.wafa.ps/Pages/Details/156441,,Not Coded,Not Coded
2025-04-15,12:25:00,Israeli forces close Hebron's Ibrahimi Mosque to Muslims for Jewish holidays,https://english.wafa.ps/Pages/Details/156464,West Bank,Not Coded,Religion
2025-04-15,18:18:00,Bedouin communities face escalating colonists' raids in Jordan Valley,https://english.wafa.ps/Pages/Details/156470,West Bank,raid,Not Coded
2025-04-15,08:59:00,PM Mustafa: What we are witnessing is not just a war—it is an attempt to erase a people an ...,https://english.wafa.ps/Pages/Details/156450,,Not Coded,Not Coded
2025-04-15,16:43:00,Egyptian President and Kuwaiti Crown Prince reaffirm rejection of displacing Palestinians  ...,https://english.wafa.ps/Pages/Details/156467,,Not Coded,Not Coded
2025-04-15,19:28:00,"Israeli colonists assault Palestinian shepherd, steal 250 sheep West of Jericho",https://english.wafa.ps/Pages/Details/156472,West Bank,settler,Theft
2025-04-15,08:31:00,Occupation forces tighten military measures around Jericho,https://english.wafa.ps/Pages/Details/156439,West Bank,Not Coded,Not Coded
2025-04-15,17:12:00,"Israeli drone strikes kill two civilians, injure six others in Gaza",https://english.wafa.ps/Pages/Details/156468,Gaza,airstrike,"Killings, Injury"
2025-04-15,21:14:00,"Two Palestinians killed, several injured in Israeli airstrike northwest of Khan Younis",https://english.wafa.ps/Pages/Details/156474,Gaza,airstrike,"Killings, Injury"
2025-04-15,16:28:00,"UNRWA says supplies have run out, and Gaza faces renewed risk of famine",https://english.wafa.ps/Pages/Details/156466,Gaza,Not Coded,"Food Security, United Nations"
2025-04-15,10:44:00,Hundreds of colonists storm Jerusalem's Aqsa Mosque on Passover,https://english.wafa.ps/Pages/Details/156455,West Bank,raid,Religion
2025-04-14,08:32:00,"Weather: Partially cloudy, cold conditions",https://english.wafa.ps/Pages/Details/156397,,Not Coded,Not Coded
2025-04-14,17:35:00,"UPDATE: Colonists attack Palestinian civilians, vehicles, and livestock in multiple incide ...",https://english.wafa.ps/Pages/Details/156430,West Bank,settler,Not Coded
2025-04-14,17:54:00,Israeli forces intensify their military presence in Tulkarem amid raids and displacement,https://english.wafa.ps/Pages/Details/156431,,raid,Displacement
2025-04-14,15:01:00,Inauguration of Japan-funded project in Jericho to support sustainable economic growth in  ...,https://english.wafa.ps/Pages/Details/156423,West Bank,Not Coded,Not Coded
2025-04-14,15:56:00,President Abbas and Macron discuss ceasefire and rejection of Palestinian displacement,https://english.wafa.ps/Pages/Details/156424,,Not Coded,"Displacement, Palestine Authority"
2025-04-14,11:35:00,Israel is waging war and ethnic cleansing against life in Gaza :MSF,https://english.wafa.ps/Pages/Details/156410,Gaza,Not Coded,Killings
2025-04-14,08:33:00,"Colonists storm community near the Jordan Valley, attempt stealing livestock",https://english.wafa.ps/Pages/Details/156402,West Bank,raid,Not Coded
2025-04-14,13:15:00,EU official says food is rotting due to Israel's blocking of humanitarian aid,https://english.wafa.ps/Pages/Details/156420,,Not Coded,Food Security
2025-04-14,19:59:00,Prime Minister urges international pressure to end Israeli aggression during meetings with ...,https://english.wafa.ps/Pages/Details/156433,,Not Coded,Not Coded
2025-04-14,08:32:00,Jenin: Israeli aggression continues for the 84th day in a row,https://english.wafa.ps/Pages/Details/156399,West Bank,Not Coded,Not Coded
2025-04-14,12:32:00,"Israeli bombing kills Palestinian citizens, injures dozens across Gaza",https://english.wafa.ps/Pages/Details/156412,Gaza,bomb,Not Coded
2025-04-14,14:22:00,Palestinian man injured by Israeli occupation forces’ bullets south of Bethlehem,https://english.wafa.ps/Pages/Details/156422,West Bank,Not Coded,Injury
2025-04-14,19:33:00,Presidential Spokesperson delivers letter from President Abbas to his Mauritanian counterp ...,https://english.wafa.ps/Pages/Details/156432,,Not Coded,Palestine Authority
2025-04-14,16:39:00,Bangladesh reintroduces 'except Israel' inscription on passports over Gaza situation,https://english.wafa.ps/Pages/Details/156428,Gaza,Not Coded,Not Coded
2025-04-14,09:32:00,Israeli forces tighten measures at entrances to Salfit towns and measures,https://english.wafa.ps/Pages/Details/156408,West Bank,Not Coded,Not Coded
2025-04-14,20:45:00,Palestinian Government welcomes new €1.6 billion EU support package for economy and develo ...,https://english.wafa.ps/Pages/Details/156435,,Not Coded,Not Coded
2025-04-14,09:31:00,UK slams Israel's bombing of Gaza medical facilities,https://english.wafa.ps/Pages/Details/156405,Gaza,bomb,Not Coded
2025-04-14,21:13:00,19-year-old succumbs to critical wounds sustained by Israeli gunfire near Ramallah,https://english.wafa.ps/Pages/Details/156436,West Bank,shooting,"Killings, Injury"
2025-04-14,20:13:00,"Egypt, Qatar emphasize need to end war on Gaza and achieve Palestinian reconciliation",https://english.wafa.ps/Pages/Details/156434,Gaza,Not Coded,Not Coded
2025-04-14,11:43:00,Israeli forces along with colonists raid Bethlehem's Solomon's Pools area,https://english.wafa.ps/Pages/Details/156411,West Bank,raid,Not Coded
2025-04-14,08:32:00,Several Palestinians killed and injured in Israeli airstrikes in Gaza,https://english.wafa.ps/Pages/Details/156400,Gaza,airstrike,"Killings, Injury"
2025-04-14,15:58:00,"Death toll in Gaza surges to 50,983 amid ongoing Israeli genocide",https://english.wafa.ps/Pages/Details/156425,Gaza,crimes against humanity,Killings
2025-04-14,09:31:00,Israeli forces shoot and injure three youths near Ramallah,https://english.wafa.ps/Pages/Details/156404,West Bank,shooting,Injury
2025-04-14,13:15:00,"Israeli forces storm Jenin governmental hospital, cause fear among patients",https://english.wafa.ps/Pages/Details/156416,West Bank,raid,Medical Infrastructure
2025-04-14,16:59:00,European Commission announces multiannual program for Palestinian recovery and resilience  ...,https://english.wafa.ps/Pages/Details/156429,,Not Coded,Not Coded
2025-04-14,11:32:00,"Israeli colonists raze vast areas of Palestinian lands, chase shepherds in Hebron",https://english.wafa.ps/Pages/Details/156409,West Bank,demolition,Not Coded
2025-04-14,16:29:00,Six civilians killed and others injured in Israeli airstrikes in Gaza City,https://english.wafa.ps/Pages/Details/156426,Gaza,airstrike,"Killings, Injury"
2025-04-13,19:01:00,Egypt condemns Israeli airstrike on Baptist Hospital in Gaza,https://english.wafa.ps/Pages/Details/156393,Gaza,airstrike,Medical Infrastructure
2025-04-13,13:41:00,Christians in Gaza mark Palm Sunday amid grief and following nearby Israeli attack on Al-A ...,https://english.wafa.ps/Pages/Details/156374,Gaza,Not Coded,Religion
2025-04-13,17:38:00,Head of Committee of Church Affairs: Bombing of the Baptist Hospital on Palm Sunday consti ...,https://english.wafa.ps/Pages/Details/156392,,bomb,"Medical Infrastructure, Religion"
2025-04-13,19:35:00,Jordan condemns Israeli airstrike on Baptist Hospital in Gaza,https://english.wafa.ps/Pages/Details/156395,Gaza,airstrike,Medical Infrastructure
2025-04-13,17:22:00,"Gaza: Two civilians killed in al-Mawasi, thousands displaced in Khan Yunis",https://english.wafa.ps/Pages/Details/156391,Gaza,Not Coded,"Killings, Displacement"
2025-04-13,14:57:00,"UPDATE: 14 civilians killed, others injured in Israeli airstrikes on northern and southern ...",https://english.wafa.ps/Pages/Details/156375,,airstrike,"Killings, Injury"
2025-04-13,08:25:00,Israeli forces forcibly remove families from their homes on outskirts of Nour Shams refuge ...,https://english.wafa.ps/Pages/Details/156365,,Not Coded,Infrastructure
2025-04-13,07:51:00,"Three Palestinians killed, others injured in Israeli airstrike on Khan Younis",https://english.wafa.ps/Pages/Details/156364,Gaza,airstrike,"Killings, Injury"
2025-04-13,19:14:00,Three civilians killed in Israeli airstrikes on Gaza’s Khan Yunis and Beit Lahia,https://english.wafa.ps/Pages/Details/156394,Gaza,airstrike,Killings
2025-04-13,10:55:00,Thousands rally in Milan demanding end to Israeli genocide in Gaza,https://english.wafa.ps/Pages/Details/156370,Gaza,crimes against humanity,"Killings, Demonstration"
2025-04-13,17:15:00,One killed following Israeli airstrike on group civilians in Gaza,https://english.wafa.ps/Pages/Details/156388,Gaza,airstrike,Killings
2025-04-13,12:35:00,"Three Palestinians killed, others injured in Israeli airstrikes on central and northern Ga ...",https://english.wafa.ps/Pages/Details/156372,,airstrike,"Killings, Injury"
2025-04-13,12:01:00,West Bank's Christians denied entry to occupied Jerusalem on Palm Sunday,https://english.wafa.ps/Pages/Details/156371,West Bank,Not Coded,Religion
2025-04-13,09:13:00,Several Palestinians killed and injured in ongoing Israeli attacks across Gaza,https://english.wafa.ps/Pages/Details/156368,Gaza,Not Coded,"Killings, Injury"
2025-04-13,20:25:00,Mass demonstration in Rabat in solidarity with the Palestinian people,https://english.wafa.ps/Pages/Details/156396,,Not Coded,Demonstration
2025-04-13,10:31:00,Anglican Diocese condemns Israel's bombing of its Al-Ahli Baptist Hospital in Gaza City,https://english.wafa.ps/Pages/Details/156369,Gaza,bomb,Medical Infrastructure
2025-04-13,08:41:00,Dozens protest in New York demanding release of student activist Mahmoud Khalil,https://english.wafa.ps/Pages/Details/156366,,Not Coded,Demonstration
2025-04-13,15:23:00,"Colonists attack Palestinian residents in Masafer Yatta, injuries reported",https://english.wafa.ps/Pages/Details/156376,West Bank,settler,Injury
2025-04-13,12:49:00,Red Crescent confirms paramedic held by Israeli authorities after deadly attack in Rafah,https://english.wafa.ps/Pages/Details/156373,Gaza,Not Coded,Medical Infrastructure
2025-04-13,08:57:00,Israeli airstrike destroys emergency building of Gaza's Al-Ahli Baptist Hospital,https://english.wafa.ps/Pages/Details/156367,Gaza,airstrike,"Medical Infrastructure, Infrastructure"
2025-04-12,22:11:00,UNRWA: Infants in Gaza going to bed hungry due to severe shortages of essential supplies,https://english.wafa.ps/Pages/Details/156363,Gaza,Not Coded,"Children, United Nations"
